_id,country,director,genre,poster,release_year,starring,title
5decc92c3e516e768a3889cc,Hong Kong,Raymond Yip Wai-Man ,"martial arts, comedy",https://en.hkcinema.ru/foto/590040ae.jpg,2003,"Miriam Yeung Chin-Wah, Ekin Cheng Yee-Kin, Wong Yau-Nam, Denise Ho Wan-Si, Lau Kar-Wing, Lee Lik-Chi, Tats Lau Yi-Tat, Charles Ingram ",Anna in Kungfu-land
5decc92c3e516e768a3889b2,Hong Kong,Fung Chi-Kong ,martial arts,https://en.hkcinema.ru/foto/nofoto.gif,1962,"Tang Pik-Wan, Yam Yin, So Siu-Tong, Lam Kau, Yu So-Chau, Tam Lan-Hing, Cecelia Lee Fung-Sing, Connie Chan Po-Chu, Tam Sin-Hung, Mui Lan ",8 Roaming Heroines (Part 1)
5decc92c3e516e768a3889c9,Hong Kong,Chow Sze-Luk ,martial arts,https://en.hkcinema.ru/foto/nofoto.gif,1963,"Chuang Shueh-Chuang, Fang Chiao-Yu, Ting Chor-Kiow, Lam Jing-Yee, Chen Li-Juan, Chen Wen-Chang, Qiu Li-Qing, Zheng Chun-Ying, Chan To ",Twin Charms
5decc92c3e516e768a3889d1,Hong Kong,Michael Mak Dong-Git ,martial arts,https://en.hkcinema.ru/foto/e27a917b.jpg,1993,"Tony Leung Chiu-Wai, Joey Wong Cho-Yin, Donnie Yen Ji-Dan, Michelle Yeoh, Tou Chung-Hua, Elvis Tsui Kam-Kong, Wong Chung-Kui, Wong Yiu ",Butterfly Sword
5decc92c3e516e768a38899d,Taiwan,Hou Cheng ,"martial arts, comedy",https://en.hkcinema.ru/foto/bead8fa0.jpg,1970,"Violet Pan Ying-Zi, Chiang Ming, Lee Yan-Wa, Fong Wan-Wan, Sek Fung, Chiang Kuang-Chao, Heung Yeung, Ku Kwan, Li Yi-Min, Wong Yu ",13 Worms
5decc92c3e516e768a3889ab,Hong Kong,Liu Chia-Liang ,martial arts,https://en.hkcinema.ru/foto/e6b40994.jpg,1978,"Gordon Liu Chia-Hui, Wong Yu, Lee Hoi-Sang, Lo Lieh, Norman Chu Siu-Keung, Hon Kwok-Choi, Alan Chui Chung-San, Billy Chan Wui-Ngai ",The 36th Chamber of Shaolin
5decc92c3e516e768a38899f,South Korea,Kim Jung-Yong ,martial arts,https://en.hkcinema.ru/foto/08712cd5.jpg,1977,"Dragon Lee, Pearl Lin Yin-Zhu, Chang Yi-Tao, Kim Ki-Ju, Elton Chong, Kim Yu-Haeng, Guk Ching-Woon, Choe Mu-Ung, Kim Myeong-Ah, Kim Dong-Ho ",The 18 Amazones
5decc92c3e516e768a3889ba,Hong Kong,Hou Cheng ,"martial arts, comedy",https://en.hkcinema.ru/foto/55cc8196d5a89.jpg,1974,"Polly Shang-Kuan Ling-Feng, Woo Gam, Yueh Yang, Chiang Kuang-Chao, Got Siu-Bo, Hon Siu, Wang Sun, Go Ming, Tieh Meng-Chiu ",Empress Dowager's Agate Vase
5decc92c3e516e768a3889bc,Hong Kong,"Li Kuo-Hua, Shih Hung ",martial arts,https://en.hkcinema.ru/foto/nofoto.gif,1971,"Violet Pan Ying-Zi, Kong Ban, Chen Hung-Lieh, Wong Cheung-Ling, Wai Wang, Han Chiang, Law Bun, Cho Kin ",Hellfighers
5decc92c3e516e768a3889c5,Taiwan,Tang Chen-Dah ,martial arts,https://en.hkcinema.ru/foto/280ce499.jpg,1980,"Lau Wing, Nau Nau, Pai Ying, Chan Sing, Chiang Ching-Hsia, Li Wan-Chun, Lee Ying, Wan Shan, Wan Chung-Shan, Han Ying-Chieh ",The Jade Hairpin Alliance
5decc92c3e516e768a3889d4,China,Hong Qi ,"mystery, martial arts",https://en.hkcinema.ru/foto/5bea660d2f028.jpg,2018,"Wang Jun-Hao, Li Zheng-Quan, Liu Zhi-Mei, Li Hong-Ru, Mu Jian-Rong, Sun Yuan-Ning, Li Zhen, Li Xuan-Ting, Su Xiao-Hua, Zhou Jia-Ming ",Huo Shao Yun Zhi Bo Luo Bao
5decc92c3e516e768a3889bb,Hong Kong,Shen Chiang ,martial arts,https://en.hkcinema.ru/foto/92667034.jpg,1973,"Yu Tien-Lung, Cho Kin, Wang Ching-Ping, Miao Tian, Yu Chung-Chiu, Chang Feng, Sun Yueh, Min Min, Si Sin-Dai, Lee Keung, Blacky Ko Sau-Leung ",Infernal Street
5decc92c3e516e768a3889a6,Hong Kong,"Hsu Tseng-Hung, Peter Pan Chi-Chun ",martial arts,https://en.hkcinema.ru/foto/e7e791e7.jpg,1975,"Chang Yu, Hsu Feng, Wen Chiang-Long, Carter Wong Ka-Tat, Mang Fei, Wang Ching-Ping, Liu Ping, Hsiao Yao, Ko Yu-Min, Li Min-Lang ",18 Shaolin Disciples
5decc92c3e516e768a3889a1,Taiwan,,"martial arts, fantasy",https://en.hkcinema.ru/foto/59b2c580.jpg,1978,"Doris Lung Chun-Erh, Kam Kong, Yueh Hua, Lee Ying, Liu Shan, Tung Fang-Yu, Sze-Ma Yu-Chiao, Chow Jun, Chen Chin-Hai, Au-Yeung Chung ",The 18 Bronze Girls of Shaolin
5decc92c3e516e768a3889ac,Taiwan,Sun Jung-Fa ,"martial arts, children's",https://en.hkcinema.ru/foto/0747f153.jpg,1982,"Sonny Yue, Heung Wan-Pang, Wei Pin-Ao, Cho Boon-Feng, Ma Cheung, Cheung Hung-Gei, Ko Yu-Min, Wong Ching-Lam, Lin Kuang-Yung, Wong Yiu ",36 Super-Kids
5decc92c3e516e768a3889c2,Hong Kong,Yeung Kung-Leung ,martial arts,https://en.hkcinema.ru/foto/8b7a5ced.jpg,1951,"Yu So-Chau, Wong Hok-Sing, Lam Mui-Mui, Sek Yin-Tsi, Koo Tin-Ng, Lam Kar-Yee, Lau Kwai-Hong, Ling Mung, Sek Kin ",The Scarlet Hero
5decc92c3e516e768a3889d3,Hong Kong,Tsui Hark ,martial arts,https://en.hkcinema.ru/foto/66e28122.jpg,1979,"Lau Siu-Ming, Michelle Yim, JoJo Chan Kei-Kei, Chang Kuo-Chu, Wong Shu-Tong, Ha Kwong-Li, Tsui Siu-Ling, Eddy Ko Hung, Tino Wong Cheung ",The Butterfly Murders
5decc92c3e516e768a3889a7,Hong Kong,Yang Ching-Chen ,martial arts,https://en.hkcinema.ru/foto/f9994a38.jpg,1978,"Stephen Tung Wai, Dean Shek Tin, Wen Chiang-Long, Sze-Ma Lung, Shen Hai-Rong, Shut Chung-Tin, Kwan Hung, Shih Ting-Ken, Wong Hoi ",18 Fatal Strikes
5decc92c3e516e768a3889b3,Hong Kong,Fung Chi-Kong ,martial arts,https://en.hkcinema.ru/foto/nofoto.gif,1962,"Tang Pik-Wan, Yam Yin, So Siu-Tong, Lam Kau, Yu So-Chau, Tam Lan-Hing, Cecelia Lee Fung-Sing, Connie Chan Po-Chu, Tam Sin-Hung, Mui Lan ",8 Roaming Heroines (Part 2)
5decc92c3e516e768a3889b4,Taiwan,Tyrone Hsu Tien-Yung ,martial arts,https://en.hkcinema.ru/foto/25eb7aa9.jpg,1978,"Polly Shang-Kuan Ling-Feng, Lo Lieh, Yueh Hua, Wong Chi-Sang, Woo Gam, Yip Fei-Yang, Lau Yau-Bun, Lung Tien-Hsiang, Poon Cheung-Ming ",Lung Wei Village
5decc92c3e516e768a3889b7,Taiwan,Chang Fang-Hsia ,martial arts,https://en.hkcinema.ru/foto/a2f25718.jpg,1969,"Chiang Kuang-Chao, Sham Suet-Chun, Richard Chan Chun, Wong Yung, Cho Kin, Wang Sun, Ko Yu-Min, Ng Ho, Lui Jun, Yen Chung ",The Absurd Brave
5decc92c3e516e768a3889b9,Hong Kong,Lee Lik-Chi ,martial arts,https://en.hkcinema.ru/foto/nofoto.gif,1986,"Wong Yu, Candice Yu On-On, Charlie Cho Cha-Lee, Ng Gong, Law Lok-Lam, Jaclyn Chu Wai-San, Ma Lai-Lee, Cheng Lui, Baau Hon-Lam, Lai Suen ",The Adventurers
5decc92c3e516e768a3889c3,China,Lin Zhen-Zhao ,"martial arts, action, drama, comedy, historical",https://en.hkcinema.ru/foto/5bc5a1eb250a8.jpg,2018,"Vincent Zhao Wen-Zhuo, Michael Tong Man-Lung, Wei Ni, Xu Zheng-Guo, Li Bing-Yuan, Wei Xiao-Huan, Li Bu-Bing, Chen Chen, Dan Ni-Si ",The Unity Of Heroes
5decc92c3e516e768a3889c6,South Korea,Choe U-Hyeong ,martial arts,https://en.hkcinema.ru/foto/nofoto.gif,1983,"Lee Joi-Wing, Jin Nu-Ri, Martin Chui Man-Kwai, Mike Wong Lung, Yoon Il-Ju, Kim Wuk, Jang Cheol, Kim Ki-Hong, Kim Won-cheol, Park Wan-Su ",Blue Butterfly the Amazon
5decc92c3e516e768a3889d2,Hong Kong,Jingle Ma Choh-Shing ,"martial arts, romance",https://en.hkcinema.ru/foto/6e172a4f.jpg,2008,"Charlene Choi Cheuk-Yin, Wu Chun, Hu Ge, Shao Bing, Bonnie Sin Sik-Lai, Wan Qian, Wei Yi-Bo, Jerry Yuan Cheng-Jie, Fan Siu-Wong, Xiong Xin-Xin ",Butterfly Lovers
5decc92c3e516e768a3889d6,Hong Kong,Wu Pang ,martial arts,https://en.hkcinema.ru/foto/6de5b200.jpg,1959,"Kwan Tak-Hing, Walter Tso Tat-Wah, Sek Kin, Yam Yin, Yam Tai-Goon, Gam Lau, Ng Yan-Chi, Chow Chung, Wong Hak, Lai Man ",The Rascal He on Fire
5decc92c3e516e768a3889af,Hong Kong,Lung To ,martial arts,https://en.hkcinema.ru/foto/nofoto.gif,1962,"Yu Kai, Cheng Pik-Ying, Lam Yim, Mui Yan, Yam Yin, Ho Siu-Hung, Cheung Sang, Lau Hak-Suen, Yam Tai-Goon, Ng Ming-Choi, Sammo Hung Kam-Bo ",The 7 Tyrants of Jiangnan
5decc92c3e516e768a3889b5,China,Corey Yuen Kwai ,"action, martial arts",https://en.hkcinema.ru/foto/8929dae5.jpg,2006,"Jaime Pressly, Devon Aoki, Holly Valance, Sarah Carter, Natassia Malthe, Kane Kosugi, Ngai Sing, Eric Roberts, Silvio Simac, Derek Boyer ",DOA: Dead or Alive
5decc92c3e516e768a3889b8,Hong Kong,Wong Tin-Lam ,martial arts,https://en.hkcinema.ru/foto/c73ab22d.jpg,1961,"Helen Li Mei, Chang Yang, So Fung, Wang Lai, Liu En-Jia, Ou-Yang Sha-Fei, Wu Chia-Hsiang, Chiang Kuang-Chao, Lee Ying, Chen Yu-Hsin ",Venture of the Lady Musketeer
5decc92c3e516e768a3889c0,Hong Kong,Wong Hok-Sing ,martial arts,https://en.hkcinema.ru/foto/03e358c5.jpg,1961,"Sun-Ma Sze-Tsang, Yu Lai-Zhen, Poon Yat-On, Lee Heung-Kam, Lau Hak-Suen, Connie Chan Po-Chu, Yuen Lap-Cheung, Ling Mung, Cheung Sing-Fei ",Crimson Girl
5decc92c3e516e768a3889c8,USA,Lucas Lowe ,"action, martial arts",https://en.hkcinema.ru/foto/4f03385e.jpg,1991,"Reese Madigan, Daniel Dae Kim, Billy Chang, Cliff Lenderman, Henry O., Michael Depasquale Jr., Trent Bushey, Kong Miu-Deng, Kwan Yung ",American Shaolin
5decc92c3e516e768a3889a5,Taiwan,Chan Hung-Man ,martial arts,https://en.hkcinema.ru/foto/994ac528.jpg,1980,"Lee Hoi-Hing, Wong Wing-Sang, Wong Chi-Sang, Got Siu-Bo, Mau Ging-Shun, Poon Cheung-Ming, Ricky Cheng Tien-Chi, Hsiao Hou-Tao, Wu Te-Shan ",18 Secrets of Kung Fu
5decc92c3e516e768a3889a0,Taiwan,Joseph Kuo Nan-Hong ,martial arts,https://en.hkcinema.ru/foto/58adfc83b1d90.jpg,1976,"Tien Peng, Carter Wong Ka-Tat, Polly Shang-Kuan Ling-Feng, Yee Yuen, Ko Yu-Min, Chiang Nan, Liu Ping, Chang Yu, Lu Bi-Yun, Kam Kong ",The 18 Bronzemen
5decc92c3e516e768a3889a4,Hong Kong,Cheung Git ,martial arts,https://en.hkcinema.ru/foto/ef2aa597.jpg,1978,"Polly Shang-Kuan Ling-Feng, Li Lung-Hua, Lo Lieh, Lung Fei, Chang Yu, Phillip Ko Fei, Chuen Yuen, Fang Fang, Tung Li, Chiang Ching-Hsia ",The Eighteen Jade Arhats
5decc92c3e516e768a3889cf,China,Wong Sing-Loy ,martial arts,https://en.hkcinema.ru/foto/3093595e.jpg,1985,"Lau Jan-Ling, Go Hung-Ping, Lee Tak-Shing, Hoh Fook-Sang, Wong Leung, Wong Hoi-Sang, Wong Chi-Wah, Li Li, Lok Woon-Yau, Liu Xiu-Ping ",Arhats in Fury
5decc92c3e516e768a3889d0,Hong Kong,Lo Wei ,martial arts,https://en.hkcinema.ru/foto/d23e8bee.jpg,1978,"Jackie Chan, James Tin Chuen, Dean Shek Tin, Lee Kwan, Li Tong-Chun, Mo Man-Sau, Wang Kuang-Yu, Wong Ching, Wong Yiu ",Spiritual Kung Fu
5decc92c3e516e768a3889da,Hong Kong,Law Chi-Hung ,martial arts,https://en.hkcinema.ru/foto/nofoto.gif,1950,"Fung Fung, Yip Ping, Lai Cheuk-Cheuk, Chan Tin-Chung, Wong San, Wong Cho-San, Ng Wui, To Sam-Ku, Fung Ying-Seung, Fung Ging-Man ",Bandits of the Water Margin
5decc92c3e516e768a3889a8,Hong Kong,Chen Chi-Hwa ,martial arts,https://en.hkcinema.ru/foto/96f7b314.jpg,1977,"Tony Leung Siu-Hung, Yen Shi-Kwan, Ku Feng, Lau Ga-Yung, Michelle Yim, Paul Chun Pui, Fung Hak-On, Jackie Chan, Ma Hon-Yuen, San Kuai, Chan Lau ",The 36 Crazy Fists
5decc92c3e516e768a3889ca,Hong Kong,Yan Jun ,martial arts,https://en.hkcinema.ru/foto/d49477c1.jpg,1962,"Li Li-Hua, Chao Lei ",Angel of the Wilderness
5decc92c3e516e768a3889cd,Hong Kong,"Wu Ma, Hsiung Ting-Wu, Chang Cheh ",martial arts,https://en.hkcinema.ru/foto/43a380bb.jpg,1976,"Alexander Fu Sheng, David Chiang Da-Wei, Ti Lung, Chi Kuan-Chun, Chen Kuan-Tai, Gordon Liu Chia-Hui, Johnny Wang Lung-Wei, Li Yi-Min ",Seven Man Army
5decc92c3e516e768a38899e,Hong Kong,Daniel Lee Yan-Gong ,"martial arts, historical",https://en.hkcinema.ru/foto/bf050942.jpg,2010,"Donnie Yen Ji-Dan, Vicki Zhao Wei, Wu Ma, Kate Tsui Tsz-Shan, Law Kar-Ying, Sammo Hung Kam-Bo, Wu Chun, Fung Hak-On, Qi Yu-Wu, Chen Kuan-Tai ",14 Blades
5decc92c3e516e768a3889a9,Hong Kong,Gwan Jing-Leung ,martial arts,https://en.hkcinema.ru/foto/nofoto.gif,1971,"Tanny Tien Ni, Lui Ming, Chan Kei, Han Chiang, Gwan Jing-Leung, Teng Jue-Jen, Lee Mei-Guen, Ching Wa, Tung Li, Cheung Kai ",Thirty-Six Sword Guards
5decc92c3e516e768a3889ad,Taiwan,Joseph Kuo Nan-Hong ,martial arts,https://en.hkcinema.ru/foto/8c741171.jpg,1978,"Li Yi-Min, Jack Lung Sai-Ga, Mark Lung Koon-Mo, Chin Yuet-Sang, Alan Chui Chung-San, Wang Fan, Wong Hoi, Eagle Lee Siu-Fei, Corey Yuen Kwai ",The 7 Grandmasters
5decc92c3e516e768a3889ae,Taiwan,Au-Yeung Wang ,martial arts,https://en.hkcinema.ru/foto/abb01ce1.jpg,1980,"Mang Fei, Chan Sing, Yueh Hua, Ha Ling-Ling, Yee Yuen, Yuen Sam, Lee Seung, Goo Chang, Gam Boh, Alan Lau Tak-Hoi, Chang Peng ",Bruce Tuan's 7 Promises
5decc92c3e516e768a3889d7,Hong Kong,Shin Sang-Ok ,"action, martial arts",https://en.hkcinema.ru/foto/420ce132.jpg,1971,"Angela Yu Chien, Shin Young-Kyun, Wang Hsieh ",The Bandits
5decc92c3e516e768a38899c,Hong Kong,Chui Fat ,"martial arts, fantasy",https://en.hkcinema.ru/foto/c6339753.jpg,1993,"Waise Lee Chi-Hung, Cynthia Khan, Yen Shi-Kwan, Chung Fat, Wan Seung-Lam, Lau Ji-Wai, Anthony Cho Cheuk-Nin, Tin Ching, Ng Ting-Ko ",The 13 Cold-Blooded Eagles
5decc92c3e516e768a3889bd,Hong Kong,Siu Sang ,martial arts,https://en.hkcinema.ru/foto/592e59ca.jpg,1966,"Josephine Siao Fong-Fong, Connie Chan Po-Chu, Lee Hung, Sek Kin, Lee Heung-Kam, Yung Yuk-Yi, Yam Bing-Yee, Lau Ching, Siu Chung-Kwan ","Infernal Gate, The (Part 1)"
5decc92c3e516e768a3889a3,Taiwan,Lin Fu-Ti ,martial arts,https://en.hkcinema.ru/foto/ed51ae8a.jpg,1977,"Chan Sing, Chia Ling, Lo Lieh, Don Wong Tao, Wen Chiang-Long, Chan Wai-Lau, Fan Dan-Fung, Cheung Ying, Liu Ping, Cheng Fu-Hung ",18 Swirling Riders
5decc92c3e516e768a3889aa,Hong Kong,Joseph Kuo Nan-Hong ,martial arts,https://en.hkcinema.ru/foto/c6800bec.jpg,1979,"Jack Lung Sai-Ga, Nick Cheung Lik, Hwang Jang-Lee, Jeannie Chang Yung-Yung, Yen Shi-Kwan, Mark Lung Koon-Mo, Mau Ging-Shun, Fan Mei-Sheng ",The 36 Deadly Styles
5decc92c3e516e768a3889c4,China,Marco Mak Chi-Sin ,"historical, martial arts",https://en.hkcinema.ru/foto/5c3430274ea21.jpg,2018,"Vincent Zhao Wen-Zhuo, Miya Mu-Qi, Li Bu-Bing, Wei Ni, Wei Xiao-Huan, Chen Chen, Gao Xuan-Ming, Sawada Kenya, Sang Wei-Lin, Zhang Ya-Kun ",Unity of Heroes 2
5decc92c3e516e768a3889c7,Hong Kong,Tony Liu Chun-Ku ,"martial arts, comedy",https://en.hkcinema.ru/foto/f910b138.jpg,1981,"Michelle Yim, Yuen Tak, Chen Kuan-Tai, Lam Sau-Kwan, Choh Seung-Wan, Wong Mei-Mei, Chu Tit-Wo, Austin Wai Tin-Chi, Ching Miao ",Ambitious Kung Fu Girl
5decc92c3e516e768a3889d9,Hong Kong,Wong Fung ,martial arts,https://en.hkcinema.ru/foto/458aeae0.jpg,1972,"Chang Yu, Woo Gam, Pai Ying, Sammo Hung Kam-Bo, Chin Yuet-Sang, Tin Mat, Yee Yuen, Chow Kong, Wilson Tong Wai-Shing, Cham Siu-Hung ",Bandits from Shantung
5decc92c3e516e768a3889b0,Taiwan,Lin Bing ,martial arts,https://en.hkcinema.ru/foto/90ce25d6.jpg,1978,"Pai Ying, Chan Sing, Barry Chan, Chung Wah, Lung Fei, Miao Tian, Hsieh Han, Tsai Hung, Yu Chung-Chiu, Siu Gam, Yeung Sau-Guen ",The 72 Desperate Rebels
5decc92c3e516e768a3889b1,Hong Kong,Kwong Yip-Sheng ,"science fiction, romance, comedy, martial arts",https://en.hkcinema.ru/foto/sp_53879e7ddd892.jpg,2009,"Roger Kwok Chun-On, Ho Chung-Wa, Jia Qing, Akina Hong Wah, Hugo Ng Doi-Yung, Sonija Kwok Sin-Nae, Nikita Mao, Shao Chuan-Yong, David Chen Da-Wei ",8 Avatar
5decc92c3e516e768a3889c1,Hong Kong,Chen Yu-Hsin ,martial arts,https://en.hkcinema.ru/foto/36e7224c.jpg,1964,"Ivy Ling Po, Chin Ping, Li Ching, Ching Miao, Tang Ti, Yiu Kwang-Chao, Chiang Kuang-Chao, Tien Feng, Chen Yan-Yan, Yip Ching ",The Crimson Palm
5decc92c3e516e768a3889cb,Hong Kong,Godfrey Ho Jeung-Keung ,martial arts,https://en.hkcinema.ru/foto/bf2c356e.jpg,1993,"Waise Lee Chi-Hung, Pauline Chan Bo-Lin, Oshima Yukari, Karel Wong Chi-Yeung, Wong Wan-Choi, Lam Chung, Robert Mak Tak-Law, Chiang Tao ",Angel the Kickboxer
5decc92c3e516e768a3889d8,Hong Kong,Wong Hok-Sing ,"martial arts, musical",https://en.hkcinema.ru/foto/e385d34c.jpg,1955,"Sun-Ma Sze-Tsang, Lam Kau, Lee Pang-Fei, Lee Hoi-Chuen, Mui Yee, Choi Zhen-Chu, Pak Lung-Chu, Ho Siu-Hung ",Bandits of Shandong Province
5decc92c3e516e768a3889a2,Hong Kong,Do Wai-Daat ,martial arts,https://en.hkcinema.ru/foto/913c3a87.jpg,1996,"Yu Rong-Guang, Willie Chi Tin-Sang, Cherie Chan Siu-Ha, Shing Fui-On, Billy Chow Bei-Lei, William Ho Ka-Kui, Chung Gwok-Lung, Lee Chi-Chung ",18 Shaolin Golden Boys
5decc92c3e516e768a3889b6,Hong Kong,Ho Meng-Hua ,martial arts,https://en.hkcinema.ru/foto/72785b43.jpg,1979,"David Chiang Da-Wei, Lily Li Li-Li, Lo Lieh, Norman Chu Siu-Keung, Bruce Tong Yim-Chaan, Wang Han-Chen, Wong Kung-Miu, Wong Chi-Ming ",Abbot of Shaolin
5decc92c3e516e768a3889bf,Hong Kong,"Tony Liu Chun-Ku, Tony Wong Yuk-Long ",martial arts,https://en.hkcinema.ru/foto/61038230.jpg,1979,"Meng Yuen-Man, Mang Hoi, Hwang Jang-Lee, Jason Pai Piao, Lau Hok-Nin, Yip Fei-Yang, Kwan Yung-Moon, Wang Han-Chen, Hsu Hsia, Tai San ",The Dragon and the Tiger Kids
5decc92c3e516e768a3889ce,Hong Kong,,martial arts,https://en.hkcinema.ru/foto/9d395c2c.jpg,1988,"Liu Dong, Fang Shu, Kong Ngai ",Army of Darkness
5decc92c3e516e768a38899b,Taiwan,Chang Mei-Chun ,martial arts,https://en.hkcinema.ru/foto/d1f98117.jpg,1977,"Pai Ying, Han Hsiang-Chin, Liang Hsiu-Shen, Cheung Yu-Yuk, Lam Dai, Goo Chang, Lee Ying ",13 Golden Nuns
5decc92c3e516e768a3889be,Hong Kong,Siu Sang ,martial arts,https://en.hkcinema.ru/foto/1bc1fb13.jpg,1966,"Josephine Siao Fong-Fong, Connie Chan Po-Chu, Lee Hung, Sek Kin, Lee Heung-Kam, Tang Ti, Lau Ching, Yam Bing-Yee, Lin Jing ","Infernal Gate, The (Part 2)"
5decc92c3e516e768a3889d5,Taiwan,Wong Biu-Man ,martial arts,https://en.hkcinema.ru/foto/a8616f39.jpg,2004,"Ashton Chen, Xing Yu, Xie Miao, Faan Man-Git, Siu Lung-Lui ",Shaolin Gang
5decc92c3e516e768a3889ea,Taiwan,Law Chi ,martial arts,https://en.hkcinema.ru/foto/7e8e00a5.jpg,1968,"Ting Ying, Wu Chia-Chi, Tsui Fu-Sheng, Got Siu-Bo, Wu Heng, Chow Siu-Hing, Wu Hsiao-Hui, Lan Pai, Wong Tak-Ling, Tung Te-Ling, Feng Mei-Li ",Crazy Swordsman
5decc92c3e516e768a3889f4,Hong Kong,Chor Yuen ,martial arts,https://en.hkcinema.ru/foto/b9a993c2.jpg,1980,"Derek Yee Tung-Sing, Ching Li, Wong Yung, Ku Kuan-Chung, Ku Feng, Tang Ching, Au-Yeung Pui-San, Alan Chan Kwok-Kuen, Wong Chi-Ming ",Bat Without Wings
5decc92c3e516e768a3889e5,Hong Kong,"Tony Liu Chun-Ku, Chan Hei ",martial arts,https://en.hkcinema.ru/foto/35a38136.jpg,1982,"Hon Kwok-Choi, Chi Kuan-Chun, Kwan Hoi-San, Chu Tit-Wo, Wong Chi-Ming, Kong Chuen, Candy Wen Xue-Er, Stephan Yip Tin-Hang, Fung Ming ","Crazy Horse, Intelligent Monkey"
5decc92c3e516e768a388a00,Taiwan,"Yang Wen-Kan, Ku Hsi ",martial arts,https://en.hkcinema.ru/foto/nofoto.gif,1974,"Cheung Chaan-Ting, Nancy Yen Nan-See, So Fung-Gat, Lee Git-Yue, Wei Su, Chu Siu-Wa, Yu Chung-Chiu, Ma Cheung, Cho Boot-Lam, Blacky Ko Sau-Leung ",The Fearless Golden Dragon
5decc92c3e516e768a388a02,Hong Kong,Ling Yun ,martial arts,https://en.hkcinema.ru/foto/nofoto.gif,1965,"Walter Tso Tat-Wah, Yu So-Chau, Tam Sin-Hung, Lam Kau, Chan Wan-Wa, Lau Hak-Suen, Lee Pang-Fei, Lok Gung, Cheung Sang, Siu Chung-Kwan ",Priceless Sword (Part 2)
5decc92c3e516e768a388a0b,Hong Kong,"Leong Sum, Yip Yat-Sing, Kwong Kwong ","martial arts, fantasy",https://en.hkcinema.ru/foto/nofoto.gif,1950,"Lam Mui-Mui, Yu Kai, Yip Wan-Ha, Lee Pang-Fei, Sze Pak-Yeuk, Cheung Sang, Wong Kun-Lun, Luk Chung-Hap, Leung Yeuk-Ngoi, Tin Kei-Fong ",The Battle Between Ne Zha and the Scarlet Boy
5decc92c3e516e768a388a22,Taiwan,Ulysses Au-Yeung Jun ,martial arts,https://en.hkcinema.ru/foto/14d3f67b.jpg,1972,"Mang Fei, Maggie Li Lin-Lin, Shut Ma Wah-Lung, Kurata Yasuaki, Alan Chan Kwok-Kuen, Yuen Shun-Yi, Brandy Yuen Jan-Yeung, Wynn Lau Chun-Fai ",Prodigal Boxer
5decc92c3e516e768a388a3d,Taiwan,Lee King-Chuen ,martial arts,https://en.hkcinema.ru/foto/56251380d6380.jpg,1974,"Kwan Hung, Chang Chi-Ping, Yeung Lee-Gwan, Lee Ying, Ng Tung-Kiu, Chi Fu-Chiang, Yu Chung-Chiu, Lam Kau, Chin Wan-Che, Woo Yin ",Single Fighter
5decc92c3e516e768a388a90,Hong Kong,Jeng Cheong-Woh ,martial arts,https://en.hkcinema.ru/foto/fac3eb5d.jpg,1971,"Lo Lieh, Margaret Hsing Hui, Chin Han, Wang Hsieh, Fang Mian, Chai No, Tung Lam, Huang Chung-Hsin, Fan Mei-Sheng, Yip Bo-Kam, Shum Lo ",The Swift Knight
5decc92c3e516e768a388aa7,Taiwan,Pao Hsueh-Li ,martial arts,https://en.hkcinema.ru/foto/5cf9665c.jpg,1980,"Nora Miao Ke-Hsiu, Shih Szu, Ko Keung, Tien Peng, Dorian Tan Tao-Liang, Han Yu, Tsai Hung, Wang Lai, Chin Feng, Wang Hsieh, Kam Kong ",The Great Conspiracy
5decc92c3e516e768a388aad,Taiwan,Larry Tu Chong-Hsun ,martial arts,https://en.hkcinema.ru/foto/d972d32b.jpg,1975,"Jimmy Wang Yu, Hsu Feng, Chia Ling, Chang Yu, Chen Hung-Lieh, Hsieh Han, Sun Yueh, Chiu Ting, Cliff Ching Ching, Hung Fa-Long, Yan Chung-Shing ",The Great Hunter
5decc92c3e516e768a388aae,Hong Kong,Law Chi ,martial arts,https://en.hkcinema.ru/foto/b013447d.jpg,1970,"Tam Yi-Lee, Chu Mu, Wendy Chun Wan, Chung Yau, Got Tin, Cheung Ban, Leung Yui, Chai Lin-Fui, Lau Kong, Chui Dai-Chuen, Kam Shan ",The Great Highwayman
5decc92c3e516e768a388ab7,Hong Kong,Lo Wei ,martial arts,https://en.hkcinema.ru/foto/ece564b1.jpg,1978,"Jackie Chan, Bruce Leung Siu-Lung, Wang Ping, James Tin Chuen, Wong Gwan, Ko Keung, Lee Man-Tai, Lui Wan-Biu, Chui Yuen, Liu Ming ",Magnificent Bodyguards
5decc92c3e516e768a388aef,South Korea,Lee Doo-Yong ,martial arts,https://en.hkcinema.ru/foto/4bc69ace.jpg,1974,"Charles Han Yong-Cheol, Kwan Yung-Moon, Jeong Ae-Jeong, Lee So-Yeong, Kim Mun-Ju, Bae Su-Cheon, Kim Wang-Kuk, Park Dong-Yong, Chiu Chun ",Returned Single-Legged Man
5decc92c3e516e768a388b20,Taiwan,Ting Shan-Hsi ,"martial arts, drama, historical, fantasy",https://en.hkcinema.ru/foto/5143f064.jpg,1993,"Gam Siu-Mooi, Tou Chung-Hua, Emily Chu Bo-Yee, Liu Chun, Doris Kuang Ming-Chieh, Lee Chih-Chi, Don Wong Tao, Wong Kuen, Chang Fu-Chien ",Magic Sword
5decc92c3e516e768a388b2f,Hong Kong,Wu Pang ,martial arts,https://en.hkcinema.ru/foto/2ea740e2.jpg,1956,"Kwan Tak-Hing, Walter Tso Tat-Wah, Yam Yin, Sek Kin, Wong Siu-Ang, Ding Yue, Lam Sing-Fan, Liu Chia-Liang, Sai Gwa-Pau, Siu Lo-Fu, Siu Hon-Sang ",Wong Fei-Hung's Battle at Shuangmendi
5decc92c3e516e768a388b46,Hong Kong,Wu Pang ,"martial arts, musical",https://en.hkcinema.ru/foto/nofoto.gif,1957,"Kwan Tak-Hing, Tang Pik-Wan, Lau Cham, Leung Miu-Seung, Sek Kin, Au-Yeung Kim, Sai Gwa-Pau, Siu Hon-Sang ",Wong Fei-Hung's Three Battles with the Unruly Girl
5decc92c3e516e768a388b57,South Korea,Lee Doo-Yong ,martial arts,https://en.hkcinema.ru/foto/b484bb7f.jpg,1974,"Charles Han Yong-Cheol, Woo Yeon-Jeong, Bae Su-Cheon, Bruce Cheung Mong, Kim Mun-Ju, Kim Hong-Ji, Kim Yeong-Ran, Choe Jae-Ho, Jo Deok-Seong ",Gate of Destiny
5decc92c3e516e768a388b6d,Hong Kong,,"martial arts, drama",https://en.hkcinema.ru/foto/nofoto.gif,1987,"Cecilia Wong Hang-Sau, Mang Fei, Kitty Lai Mei-Han, Andy Tai Chi-Wai, Paul Chun Pui, Eddy Ko Hung, Lau Kong, Ng Man-Tat ",The Rise of a Kung Fu Master
5decc92c3e516e768a388b76,Taiwan,Ulysses Au-Yeung Jun ,martial arts,https://en.hkcinema.ru/foto/5622bd356ac72.jpg,1975,"Hsu Feng, Carter Wong Ka-Tat, Liu Shan-Chian, Chin Chi-Min, Wang Ching-Ping, Chang Yu, Chang Fang-Hsia, Chiang Ching-Hsia, Chan Wai-Lau ",Dragon Gate
5decc92c3e516e768a388b7b,Hong Kong,Billy Chan Wui-Ngai ,martial arts,https://en.hkcinema.ru/foto/e38de328.jpg,1993,"Tony Leung Ka-Fai, Joey Wong Cho-Yin, Lau Ching-Wan, Elvis Tsui Kam-Kong, Billy Ching Sau-Yat, Wu Ma, Lam Wai, Lau Shun, Austin Wai Tin-Chi ",All Men Are Brothers - Blood of the Leopard
5decc92c3e516e768a388b82,South Korea,Kim Si-Hyeon ,martial arts,https://en.hkcinema.ru/foto/562bb895489b4.jpg,1975,"Ko Keung, Whang In-Shik, Martin Chui Man-Kwai, Kim Ki-Ju, Lee Ye-Min, Han Myeong-Hwan, Lee Suk-Koo, Jang Jeong-Kuk, Chiu Chun ",Close Kung Fu Encounter
5decc92c3e516e768a388b92,Hong Kong,Kao Pao-Shu ,martial arts,https://en.hkcinema.ru/foto/146e08c1.jpg,1973,"Wong Yuen-San, Woo Gam, Kurata Yasuaki, Hsu Feng, Tien Feng, Cindy Tang Hsin, Tien Yeh, Chan Wai-Lau, Hsieh Han, Sun Yueh, Shih Ting-Ken ",Win Them All
5decc92c3e516e768a388b9e,Hong Kong,Chor Yuen ,martial arts,https://en.hkcinema.ru/foto/ab8fc108.jpg,1980,"Alexander Fu Sheng, Derek Yee Tung-Sing, Jason Pai Piao, Ku Feng, Angie Chiu Nga-Chi, Yueh Hua, Wang Sha, Keung Hon, Ku Kuan-Chung ",Heroes Shed No Tears
5decc92c3e516e768a388ba5,Hong Kong,Hung Chung-Ho ,martial arts,https://en.hkcinema.ru/foto/f3cdb2b3.jpg,1950,"Yu So-Chau, Lam Kau, Ha Wa, Sek Kin, Yam Yin, Ng Tung ","Heroine, The (Part 1)"
5decc92c3e516e768a388c08,Taiwan,Larry Tu Chong-Hsun ,martial arts,https://en.hkcinema.ru/foto/077a2f8d.jpg,1969,"Hsu Feng, Shih Chun, Chan Wai-Lau, Hsieh Han, Wan Chung-Shan, Go Ming, Chia Lu-Shih, Gam Ban, Liu Chik, Lung Fei, Lee Kwai, Lee Keung ",City Called Dragon
5decc92c3e516e768a388c12,Hong Kong,Wu Min-Hsiung ,martial arts,https://en.hkcinema.ru/foto/4f4743dd.jpg,1973,"Chang Yu, Tin Mat, Pai Ying, An Hua, Chang Peng, Gam Ying, Wu Min-Hsiung, Wang Tai-Lang, Lam Fung-Sing, Lee Saan, Li Hsun, Kim Wang-Kuk ",Stormy Sun
5decc92c3e516e768a388c42,Hong Kong,Yam Pang-Nin ,martial arts,https://en.hkcinema.ru/foto/c4deb6b3.jpg,1947,"Wong Ho, Wu Lai-Chu, Walter Tso Tat-Wah, Yam Yi-Ji, Meng Na, Chiang Nan, Chui Dai-Chuen, Wah Mung, Wai To-Ming, Wong Kwai-Ping ",Female Robin Hood
5decc92c3e516e768a388c45,Taiwan,Sun Yung ,martial arts,https://en.hkcinema.ru/foto/50af5dbd.jpg,1979,"Chi Kuan-Chun, Pai Ying, Lo Dik, Chiang Ching-Hsia, Phoenix Chen, Wong Yeuk-Ping, Hsiao Wang, Liu Yin-Shang, Yen Chung, Chen Chin-Hai ",Yoga and the Kung-Fu Girl
5decc92c3e516e768a388c57,Hong Kong,"Griffin Yueh Feng, Wong Ping ",martial arts,https://en.hkcinema.ru/foto/f8659fdb.jpg,1974,"Shu Pei-Pei, Yueh Hua, Wang Hsieh, Karen Yip Leng-Chi, Li Min-Lang, Tung Li, Chan Ho, Chan Shen, Yue Fung, Bai Yu, Wang Han-Chen ",Village of Tigers
5decc92c3e516e768a3889ff,China,"Bai Shan, Liu Fang ","historical, action, martial arts",https://en.hkcinema.ru/foto/5c511aeb00745.jpg,2019,"Vincent Zhao Wen-Zhuo, Nikita Mao, Ashton Chen, Wu Chao, Zhang Yong-Gang, Ying Zhi-Gang, Eddy Ko Hung, Austin Sui Ming-Yang, Hasi Gaowa ",Fearless
5decc92c3e516e768a388a07,Taiwan,Joseph Kuo Nan-Hong ,martial arts,https://en.hkcinema.ru/foto/nofoto.gif,1971,"Chiang Nan, Li Hsuan, Chiang Ching-Hsia, Chen Kuo-Chun ",Battle of the Mirror Guardian
5decc92c3e516e768a388a0e,Hong Kong,Yu Chik-Lim ,martial arts,https://en.hkcinema.ru/foto/8c7d71f9.jpg,1979,"Lee Wing, Casanova Wong, Pearl Cheung Ling, Chu Tit-Wo, Ho Pak-Kwong, Tsai Hung, Tien Feng, Chan Wai-Lau, Ling Yun, Ma Shih-Hen ",The Monk's Fight
5decc92c3e516e768a388a1a,Taiwan,"Lee Chi-Sin, Lau Sau-Wa ",martial arts,https://en.hkcinema.ru/foto/8ea65d9a.jpg,1972,"Chen Hung-Lieh, Mang Lee, Shih Chun, Lisa Chiao Chiao, Kong Ban, Miao Tian, Shen Yi, Wang Lai, Yeung Fui-Yuk, Wong Yeuk-Ping, Lee Keung ",Chivalrous Robber Lee San
5decc92c3e516e768a388a2c,China,Si Xiao-Dong ,"drama, historical, martial arts, action",https://en.hkcinema.ru/foto/5d7a478658cf1.jpg,2007,"Shang Rong, Anna Fang An-Na, Gao Fa, Zhang Wen-Jun, Xiu Ge, Wang Ou, Qi Jing-Bin, Deng Hui-Dan, Niu Ting-Ting, Chiu Chin, Du Hong-Jun ",Super Woman Caputor: Unknown Killer
5decc92c3e516e768a388a2f,China,Si Xiao-Dong ,"historical, martial arts, action, drama",https://en.hkcinema.ru/foto/5d7a44cc45fc1.jpg,2007,"Shang Rong, Wu Yue, Miao Hai-Zhong, Anna Fang An-Na, Cui Bao-Gui, Fu Hong-Jun, Tian Xi-Ping ",Super Woman Caputor: The Puzzle
